{"cameraMode":{"drawMode":0,"name":"Shaded","section":"Shading Mode"},"sceneLighting":false,"audioPlay":false,"sceneViewState":{"m_AlwaysRefresh":false,"showFog":true,"showSkybox":false,"showFlares":true,"showImageEffects":true,"showParticleSystems":true,"showVisualEffectGraphs":true,"m_FxEnabled":true},"in2DMode":false,"pivot":{"x":-5.824697017669678,"y":24.394969940185548,"z":0.5322113037109375},"rotation":{"x":-0.03267979621887207,"y":0.016484864056110383,"z":0.0005555110983550549,"w":0.9993459582328796},"size":81.39410400390625,"orthographic":false}