{"cameraMode":{"drawMode":0,"name":"Shaded","section":"Shading Mode"},"sceneLighting":true,"audioPlay":false,"sceneViewState":{"m_AlwaysRefresh":false,"showFog":true,"showSkybox":true,"showFlares":true,"showImageEffects":true,"showParticleSystems":true,"showVisualEffectGraphs":true,"m_FxEnabled":true},"in2DMode":false,"pivot":{"x":42.9246826171875,"y":60.689395904541019,"z":-10.167037010192871},"rotation":{"x":0.13642936944961549,"y":0.10883808881044388,"z":0.015061430633068085,"w":-0.9845596551895142},"size":31.576513290405275,"orthographic":false}