{"cameraMode":{"drawMode":0,"name":"Shaded","section":"Shading Mode"},"sceneLighting":true,"audioPlay":false,"sceneViewState":{"m_AlwaysRefresh":false,"showFog":true,"showSkybox":true,"showFlares":true,"showImageEffects":true,"showParticleSystems":true,"showVisualEffectGraphs":true,"m_FxEnabled":true},"in2DMode":false,"pivot":{"x":28.255592346191408,"y":85.77330017089844,"z":-25.558027267456056},"rotation":{"x":0.09890375286340714,"y":-0.8602417707443237,"z":-0.46573272347450259,"w":-0.18293967843055726},"size":31.576513290405275,"orthographic":false}