{"cameraMode":{"drawMode":0,"name":"Shaded","section":"Shading Mode"},"sceneLighting":true,"audioPlay":false,"sceneViewState":{"m_AlwaysRefresh":false,"showFog":true,"showSkybox":true,"showFlares":true,"showImageEffects":true,"showParticleSystems":true,"showVisualEffectGraphs":true,"m_FxEnabled":true},"in2DMode":false,"pivot":{"x":356.50042724609377,"y":358.2274475097656,"z":-553.7195434570313},"rotation":{"x":-0.038957834243774417,"y":-0.04102848842740059,"z":0.0015822434797883034,"w":-0.998422384262085},"size":13.351768493652344,"orthographic":false}