{"cameraMode":{"drawMode":0,"name":"Shaded","section":"Shading Mode"},"sceneLighting":true,"audioPlay":false,"sceneViewState":{"m_AlwaysRefresh":false,"showFog":true,"showSkybox":true,"showFlares":true,"showImageEffects":true,"showParticleSystems":true,"showVisualEffectGraphs":true,"m_FxEnabled":true},"in2DMode":false,"pivot":{"x":536.8651123046875,"y":228.4236297607422,"z":50.89166259765625},"rotation":{"x":0.04378286749124527,"y":0.023970670998096467,"z":-0.0010525098768994213,"w":0.9987585544586182},"size":321.37921142578127,"orthographic":false}