{"cameraMode":{"drawMode":0,"name":"Shaded","section":"Shading Mode"},"sceneLighting":false,"audioPlay":false,"sceneViewState":{"m_AlwaysRefresh":false,"showFog":true,"showSkybox":false,"showFlares":true,"showImageEffects":true,"showParticleSystems":true,"showVisualEffectGraphs":true,"m_FxEnabled":true},"in2DMode":false,"pivot":{"x":-0.3254851698875427,"y":2.029147148132324,"z":-0.09693805128335953},"rotation":{"x":-0.10955637693405152,"y":-0.02475213259458542,"z":0.002730361185967922,"w":-0.9936809539794922},"size":1.2247449159622193,"orthographic":false}