{"cameraMode":{"drawMode":0,"name":"Shaded","section":"Shading Mode"},"sceneLighting":false,"audioPlay":false,"sceneViewState":{"m_AlwaysRefresh":false,"showFog":true,"showSkybox":false,"showFlares":true,"showImageEffects":true,"showParticleSystems":true,"showVisualEffectGraphs":true,"m_FxEnabled":true},"in2DMode":false,"pivot":{"x":0.00407719612121582,"y":0.7843483090400696,"z":0.15642252564430238},"rotation":{"x":-0.16297493875026704,"y":-0.8362271785736084,"z":0.3496183753013611,"w":-0.3898356258869171},"size":2.003521203994751,"orthographic":false}