{"cameraMode":{"drawMode":0,"name":"Shaded","section":"Shading Mode"},"sceneLighting":false,"audioPlay":false,"sceneViewState":{"m_AlwaysRefresh":false,"showFog":true,"showSkybox":false,"showFlares":true,"showImageEffects":true,"showParticleSystems":true,"showVisualEffectGraphs":true,"m_FxEnabled":true},"in2DMode":false,"pivot":{"x":0.09351742267608643,"y":0.08974260091781616,"z":0.027493655681610109},"rotation":{"x":-0.23116286098957063,"y":-0.5951834321022034,"z":0.18411634862422944,"w":-0.7473031878471375},"size":1.3521684408187867,"orthographic":false}